"Clave","Tipo","Resumen","Estado","Prioridad","Epic","Epic summary","Clave padre","Resumen padre","Sprint","Creador","Informador","Asignado","Creada","Actualizada","Fecha de vencimiento","Fecha de inicio","Story points","Votos","Clasificación","Color de la incidencia","Categoría de estado","Categoría de estado cambiada","Descripción"
"SGS-1","Epic","EPIC-00 Configuración Inicial y Arquitectura Base SIGES","Por hacer","High","SGS-1","EPIC-00 Configuración Inicial y Arquitectura Base SIGES",,,,"Alexander Rodriguez","Alexander Rodriguez","Gunnar Pecho","18/08/2026 10:00","18/08/2026 10:00","01/09/2026 00:00","18/08/2026 00:00","0","0","0|i0000v:","dark_blue","Por hacer","18/ago/26 10:00 AM","Establecer la base técnica del sistema SIGES para PHP Vanilla, MySQL, Bootstrap 5 y PWA, preparada para desarrollo local con XAMPP y despliegue en InfinityFree. La arquitectura debe ser modular, segura y mantenible, sin Composer/CLI como requisito de producción."
"SGS-2","Task","HU-00.01 Configurar Entorno de Desarrollo XAMPP","Por hacer","High","SGS-1","EPIC-00 Configuración Inicial y Arquitectura Base SIGES","SGS-1","EPIC-00 Configuración Inicial y Arquitectura Base SIGES","Sprint 0","Alexander Rodriguez","Alexander Rodriguez","Gunnar Pecho","18/08/2026 10:01","18/08/2026 10:01","25/08/2026 00:00","18/08/2026 00:00","3","0","0|i00013:","","Por hacer","18/ago/26 10:01 AM","*Como* desarrollador backend, *quiero* configurar el entorno de desarrollo con XAMPP, PHP y MySQL *para* tener una base funcional para el desarrollo del sistema SIGES."
"SGS-3","Sub-task","Instalar XAMPP en el sistema","Por hacer","High","SGS-1","EPIC-00 Configuración Inicial y Arquitectura Base SIGES","SGS-2","HU-00.01 Configurar Entorno de Desarrollo XAMPP","Sprint 0","Alexander Rodriguez","Alexander Rodriguez","Gunnar Pecho","18/08/2026 10:02","18/08/2026 10:02","25/08/2026 00:00","18/08/2026 00:00","1","0","0|i0001b:","","Por hacer","18/ago/26 10:02 AM","Descargar e instalar XAMPP versión 8.2.x o superior. Verificar que Apache y MySQL se ejecuten correctamente. Configurar el puerto 80 y 3306 para evitar conflictos."
"SGS-4","Sub-task","Configurar PHP.ini y extensiones","Por hacer","High","SGS-1","EPIC-00 Configuración Inicial y Arquitectura Base SIGES","SGS-2","HU-00.01 Configurar Entorno de Desarrollo XAMPP","Sprint 0","Alexander Rodriguez","Alexander Rodriguez","Gunnar Pecho","18/08/2026 10:02","18/08/2026 10:02","25/08/2026 00:00","18/08/2026 00:00","1","0","0|i0001j:","","Por hacer","18/ago/26 10:02 AM","Habilitar extensiones necesarias en php.ini: PDO, MySQLi, GD, FileInfo, JSON, Session, OpenSSL. Configurar memory_limit = 256M, upload_max_filesize = 20M, post_max_size = 20M, max_execution_time = 300."
"SGS-5","Sub-task","Crear estructura de carpetas del proyecto","Por hacer","High","SGS-1","EPIC-00 Configuración Inicial y Arquitectura Base SIGES","SGS-2","HU-00.01 Configurar Entorno de Desarrollo XAMPP","Sprint 0","Alexander Rodriguez","Alexander Rodriguez","Gunnar Pecho","18/08/2026 10:03","18/08/2026 10:03","25/08/2026 00:00","18/08/2026 00:00","1","0","0|i0001r:","","Por hacer","18/ago/26 10:03 AM","Crear la estructura de directorios en htdocs: /siges/ (raíz), /src/ (Controllers, Models, Views, Config, Middleware, Utils), /public/ (css, js, images, uploads), /vendor/ (librerías incluidas manualmente)."
"SGS-6","Sub-task","Verificar conexión PDO a MySQL","Por hacer","High","SGS-1","EPIC-00 Configuración Inicial y Arquitectura Base SIGES","SGS-2","HU-00.01 Configurar Entorno de Desarrollo XAMPP","Sprint 0","Alexander Rodriguez","Alexander Rodriguez","Gunnar Pecho","18/08/2026 10:03","18/08/2026 10:03","25/08/2026 00:00","18/08/2026 00:00","1","0","0|i0001z:","","Por hacer","18/ago/26 10:03 AM","Crear archivo config.php con constantes de conexión (DB_HOST, DB_USER, DB_PASS, DB_NAME). Implementar función de conexión PDO con manejo de excepciones. Probar la conexión con un script de prueba."
"SGS-7","Task","HU-00.02 Diseñar Esquema de Base de Datos MySQL","Por hacer","High","SGS-1","EPIC-00 Configuración Inicial y Arquitectura Base SIGES","SGS-1","EPIC-00 Configuración Inicial y Arquitectura Base SIGES","Sprint 0","Alexander Rodriguez","Alexander Rodriguez","Gunnar Pecho","18/08/2026 10:04","18/08/2026 10:04","25/08/2026 00:00","18/08/2026 00:00","3","0","0|i00027:","","Por hacer","18/ago/26 10:04 AM","*Como* desarrollador backend, *quiero* diseñar el esquema de base de datos relacional *para* establecer la estructura de datos del sistema SIGES."
"SGS-8","Sub-task","Crear tabla users y roles","Por hacer","High","SGS-1","EPIC-00 Configuración Inicial y Arquitectura Base SIGES","SGS-7","HU-00.02 Diseñar Esquema de Base de Datos MySQL","Sprint 0","Alexander Rodriguez","Alexander Rodriguez","Gunnar Pecho","18/08/2026 10:05","18/08/2026 10:05","25/08/2026 00:00","18/08/2026 00:00","1","0","0|i0002f:","","Por hacer","18/ago/26 10:05 AM","Crear tabla roles (id, name, description, created_at, updated_at). Crear tabla users (id, role_id, name, email, password_hash, status, created_at, updated_at). Definir PK/FK y índices por email/status."
"SGS-9","Sub-task","Crear tablas customers, items y contracts","Por hacer","High","SGS-1","EPIC-00 Configuración Inicial y Arquitectura Base SIGES","SGS-7","HU-00.02 Diseñar Esquema de Base de Datos MySQL","Sprint 0","Alexander Rodriguez","Alexander Rodriguez","Gunnar Pecho","18/08/2026 10:06","18/08/2026 10:06","25/08/2026 00:00","18/08/2026 00:00","1","0","0|i0002n:","","Por hacer","18/ago/26 10:06 AM","Crear tabla customers (id, user_id, ci, name, email, phone, address, created_at). Crear tabla items (id, name, category, description, photos, estimated_value, condition, created_at). Crear tabla contracts (id, customer_id, item_id, amount, interest_rate, term, start_date, end_date, status, created_at)."
"SGS-10","Sub-task","Crear tablas inventory, auctions y payments","Por hacer","High","SGS-1","EPIC-00 Configuración Inicial y Arquitectura Base SIGES","SGS-7","HU-00.02 Diseñar Esquema de Base de Datos MySQL","Sprint 0","Alexander Rodriguez","Alexander Rodriguez","Gunnar Pecho","18/08/2026 10:07","18/08/2026 10:07","25/08/2026 00:00","18/08/2026 00:00","1","0","0|i0002v:","","Por hacer","18/ago/26 10:07 AM","Crear tabla inventory (id, contract_id, location_aisle, location_shelf, location_level, status, created_at). Crear tabla auctions (id, contract_id, start_price, current_price, increment_min, end_time, status, created_at). Crear tabla payments (id, contract_id, type, amount, payment_method, receipt_number, status, created_at)."
"SGS-11","Task","HU-00.03 Configurar Frontend y Sistema Visual","Por hacer","High","SGS-1","EPIC-00 Configuración Inicial y Arquitectura Base SIGES","SGS-1","EPIC-00 Configuración Inicial y Arquitectura Base SIGES","Sprint 0","Alexander Rodriguez","Alexander Rodriguez","Alexander Rodriguez","18/08/2026 10:08","18/08/2026 10:08","25/08/2026 00:00","18/08/2026 00:00","3","0","0|i00033:","","Por hacer","18/ago/26 10:08 AM","*Como* desarrollador frontend, *quiero* configurar Bootstrap 5 y el sistema visual *para* establecer la base de diseño responsivo del sistema SIGES."
"SGS-12","Sub-task","Crear plantilla base con Bootstrap 5","Por hacer","High","SGS-1","EPIC-00 Configuración Inicial y Arquitectura Base SIGES","SGS-11","HU-00.03 Configurar Frontend y Sistema Visual","Sprint 0","Alexander Rodriguez","Alexander Rodriguez","Alexander Rodriguez","18/08/2026 10:09","18/08/2026 10:09","25/08/2026 00:00","18/08/2026 00:00","1","0","0|i0003b:","","Por hacer","18/ago/26 10:09 AM","Crear plantilla base HTML con head, navbar, contenedor principal y footer. Integrar Bootstrap 5 desde CDN. Establecer estructura responsive con container-fluid y grid system."
"SGS-13","Sub-task","Aplicar paleta de colores corporativos","Por hacer","High","SGS-1","EPIC-00 Configuración Inicial y Arquitectura Base SIGES","SGS-11","HU-00.03 Configurar Frontend y Sistema Visual","Sprint 0","Alexander Rodriguez","Alexander Rodriguez","Alexander Rodriguez","18/08/2026 10:10","18/08/2026 10:10","25/08/2026 00:00","18/08/2026 00:00","1","0","0|i0003j:","","Por hacer","18/ago/26 10:10 AM","Definir variables CSS: --color-primary: #0B192C (azul marino), --color-secondary: #D4AF37 (dorado), --color-success: #198754, --color-danger: #DC3545, --color-warning: #FFC107. Aplicar al navbar, botones, badges y componentes visuales."
"SGS-14","Sub-task","Diseñar Navbar corporativo responsive","Por hacer","High","SGS-1","EPIC-00 Configuración Inicial y Arquitectura Base SIGES","SGS-11","HU-00.03 Configurar Frontend y Sistema Visual","Sprint 0","Alexander Rodriguez","Alexander Rodriguez","Alexander Rodriguez","18/08/2026 10:11","18/08/2026 10:11","25/08/2026 00:00","18/08/2026 00:00","1","0","0|i0003r:","","Por hacer","18/ago/26 10:11 AM","Crear navbar superior con fondo #0B192C, texto blanco, logo 'SIGES' con acento dorado #D4AF37. Incluir menú colapsable para móvil, enlaces de navegación y botón de cierre de sesión. Ocultar opciones según rol del usuario."
"SGS-15","Task","HU-00.04 Crear Shell PWA y Service Worker","Por hacer","High","SGS-1","EPIC-00 Configuración Inicial y Arquitectura Base SIGES","SGS-1","EPIC-00 Configuración Inicial y Arquitectura Base SIGES","Sprint 0","Alexander Rodriguez","Alexander Rodriguez","Alexander Rodriguez","18/08/2026 10:12","18/08/2026 10:12","25/08/2026 00:00","18/08/2026 00:00","2","0","0|i0003z:","","Por hacer","18/ago/26 10:12 AM","*Como* desarrollador frontend, *quiero* configurar la PWA y Service Worker *para* permitir instalación de la aplicación y funcionamiento offline básico."
"SGS-16","Sub-task","Crear manifest.json y configuración PWA","Por hacer","High","SGS-1","EPIC-00 Configuración Inicial y Arquitectura Base SIGES","SGS-15","HU-00.04 Crear Shell PWA y Service Worker","Sprint 0","Alexander Rodriguez","Alexander Rodriguez","Alexander Rodriguez","18/08/2026 10:13","18/08/2026 10:13","25/08/2026 00:00","18/08/2026 00:00","1","0","0|i00047:","","Por hacer","18/ago/26 10:13 AM","Crear manifest.json con name: 'SIGES', short_name: 'SIGES', start_url: '/', display: 'standalone', theme_color: '#0B192C', background_color: '#FFFFFF'. Definir iconos en diferentes tamaños (72x72, 96x96, 128x128, 144x144, 152x152, 192x192, 384x384, 512x512)."
"SGS-17","Sub-task","Implementar Service Worker (sw.js)","Por hacer","High","SGS-1","EPIC-00 Configuración Inicial y Arquitectura Base SIGES","SGS-15","HU-00.04 Crear Shell PWA y Service Worker","Sprint 0","Alexander Rodriguez","Alexander Rodriguez","Alexander Rodriguez","18/08/2026 10:14","18/08/2026 10:14","25/08/2026 00:00","18/08/2026 00:00","1","0","0|i0004f:","","Por hacer","18/ago/26 10:14 AM","Crear sw.js con estrategia Cache-First para assets estáticos. Cachear archivos CSS, JS, imágenes y HTML base. Implementar fetch event y activación de la PWA. Registrar el Service Worker desde el archivo principal."
"SGS-18","Task","HU-00.05 Configurar Repositorio y Flujo Git","Por hacer","High","SGS-1","EPIC-00 Configuración Inicial y Arquitectura Base SIGES","SGS-1","EPIC-00 Configuración Inicial y Arquitectura Base SIGES","Sprint 0","Alexander Rodriguez","Alexander Rodriguez","Gunnar Pecho","18/08/2026 10:15","18/08/2026 10:15","25/08/2026 00:00","18/08/2026 00:00","1","0","0|i0004n:","","Por hacer","18/ago/26 10:15 AM","*Como* equipo de desarrollo, *quiero* configurar el repositorio Git y flujo de trabajo *para* gestionar el código fuente de forma colaborativa y organizada."
"SGS-19","Sub-task","Inicializar repositorio Git y ramas","Por hacer","High","SGS-1","EPIC-00 Configuración Inicial y Arquitectura Base SIGES","SGS-18","HU-00.05 Configurar Repositorio y Flujo Git","Sprint 0","Alexander Rodriguez","Alexander Rodriguez","Gunnar Pecho","18/08/2026 10:16","18/08/2026 10:16","25/08/2026 00:00","18/08/2026 00:00","1","0","0|i0004v:","","Por hacer","18/ago/26 10:16 AM","Inicializar repositorio Git local. Crear ramas main (producción), develop (desarrollo) y feature/* (nuevas funcionalidades). Establecer política de commits y pull requests. Crear repositorio remoto en GitHub y conectar."
"SGS-20","Sub-task","Crear .gitignore y documentación","Por hacer","High","SGS-1","EPIC-00 Configuración Inicial y Arquitectura Base SIGES","SGS-18","HU-00.05 Configurar Repositorio y Flujo Git","Sprint 0","Alexander Rodriguez","Alexander Rodriguez","Gunnar Pecho","18/08/2026 10:17","18/08/2026 10:17","25/08/2026 00:00","18/08/2026 00:00","0","0","0|i00053:","","Por hacer","18/ago/26 10:17 AM","Crear .gitignore para excluir: credenciales/config.php, uploads temporales, archivos de sistema, .env, node_modules (si aplica). Documentar flujo mínimo de colaboración para dos desarrolladores en README.md."
"SGS-21","Task","HU-00.06 Definir Seguridad Base","Por hacer","High","SGS-1","EPIC-00 Configuración Inicial y Arquitectura Base SIGES","SGS-1","EPIC-00 Configuración Inicial y Arquitectura Base SIGES","Sprint 0","Alexander Rodriguez","Alexander Rodriguez","Gunnar Pecho","18/08/2026 10:18","18/08/2026 10:18","25/08/2026 00:00","18/08/2026 00:00","2","0","0|i0005b:","","Por hacer","18/ago/26 10:18 AM","*Como* equipo de desarrollo, *quiero* implementar medidas de seguridad base *para* proteger el sistema contra vulnerabilidades comunes."
"SGS-22","Sub-task","Implementar PDO con consultas preparadas","Por hacer","High","SGS-1","EPIC-00 Configuración Inicial y Arquitectura Base SIGES","SGS-21","HU-00.06 Definir Seguridad Base","Sprint 0","Alexander Rodriguez","Alexander Rodriguez","Gunnar Pecho","18/08/2026 10:19","18/08/2026 10:19","25/08/2026 00:00","18/08/2026 00:00","1","0","0|i0005j:","","Por hacer","18/ago/26 10:19 AM","Crear clase Database con métodos query, fetch, fetchAll, execute. Usar PDO con prepared statements para todas las consultas. Implementar manejo de excepciones y logging de errores sin exponer información sensible."
"SGS-23","Sub-task","Implementar protección CSRF y XSS","Por hacer","High","SGS-1","EPIC-00 Configuración Inicial y Arquitectura Base SIGES","SGS-21","HU-00.06 Definir Seguridad Base","Sprint 0","Alexander Rodriguez","Alexander Rodriguez","Gunnar Pecho","18/08/2026 10:20","18/08/2026 10:20","25/08/2026 00:00","18/08/2026 00:00","1","0","0|i0005r:","","Por hacer","18/ago/26 10:20 AM","Implementar tokens CSRF en formularios. Validar token en cada POST. Escapar salida HTML con htmlspecialchars(). Validar y sanitizar entradas con filtros de PHP. Configurar headers de seguridad (X-Frame-Options, X-Content-Type-Options, etc.)."
"SGS-24","Epic","EPIC-01 Autenticación, Seguridad y Control de Accesos","Por hacer","High","SGS-24","EPIC-01 Autenticación, Seguridad y Control de Accesos",,,,"Alexander Rodriguez","Alexander Rodriguez","Gunnar Pecho","18/08/2026 10:21","18/08/2026 10:21","01/09/2026 00:00","18/08/2026 00:00","0","0","0|i0005z:","dark_purple","Por hacer","18/ago/26 10:21 AM","Módulo encargado de la autenticación, autorización, gestión de usuarios, roles y permisos del sistema SIGES. Implementa login seguro, registro de clientes, recuperación de contraseña y control de acceso basado en roles (OWNER, EMPLOYEE, CLIENT)."
"SGS-25","Task","HU-01.01 Diseñar Login Responsive","Por hacer","High","SGS-24","EPIC-01 Autenticación, Seguridad y Control de Accesos","SGS-24","EPIC-01 Autenticación, Seguridad y Control de Accesos","Sprint 1","Alexander Rodriguez","Alexander Rodriguez","Alexander Rodriguez","18/08/2026 10:22","18/08/2026 10:22","01/09/2026 00:00","18/08/2026 00:00","2","0","0|i00067:","","Por hacer","18/ago/26 10:22 AM","*Como* usuario del sistema, *quiero* iniciar sesión con mi correo y contraseña *para* acceder al sistema según mi rol."
"SGS-26","Sub-task","Diseñar formulario de login centrado","Por hacer","High","SGS-24","EPIC-01 Autenticación, Seguridad y Control de Accesos","SGS-25","HU-01.01 Diseñar Login Responsive","Sprint 1","Alexander Rodriguez","Alexander Rodriguez","Alexander Rodriguez","18/08/2026 10:23","18/08/2026 10:23","01/09/2026 00:00","18/08/2026 00:00","1","0","0|i0006f:","","Por hacer","18/ago/26 10:23 AM","Crear página de login con formulario centrado vertical y horizontalmente. Incluir campos: email (type=email), contraseña (type=password), checkbox 'Recordarme'. Usar tarjeta blanca con sombra, encabezado azul marino #0B192C. El botón 'Iniciar Sesión' debe ser dorado #D4AF37 con texto #0B192C."
"SGS-27","Sub-task","Implementar lógica de autenticación PHP","Por hacer","High","SGS-24","EPIC-01 Autenticación, Seguridad y Control de Accesos","SGS-25","HU-01.01 Diseñar Login Responsive","Sprint 1","Alexander Rodriguez","Alexander Rodriguez","Gunnar Pecho","18/08/2026 10:24","18/08/2026 10:24","01/09/2026 00:00","18/08/2026 00:00","1","0","0|i0006n:","","Por hacer","18/ago/26 10:24 AM","Implementar endpoint POST /api/auth/login. Validar email en tabla users. Verificar estado del usuario (status=1). Comparar contraseña con password_verify(). Iniciar sesión con session_start() y guardar user_id, role, name. Responder con redirección controlada o error genérico (no revelar si el usuario existe)."
"SGS-28","Task","HU-01.02 Implementar Roles y Autorización","Por hacer","High","SGS-24","EPIC-01 Autenticación, Seguridad y Control de Accesos","SGS-24","EPIC-01 Autenticación, Seguridad y Control de Accesos","Sprint 1","Alexander Rodriguez","Alexander Rodriguez","Gunnar Pecho","18/08/2026 10:25","18/08/2026 10:25","01/09/2026 00:00","18/08/2026 00:00","2","0","0|i0006v:","","Por hacer","18/ago/26 10:25 AM","*Como* sistema, *quiero* controlar el acceso a los módulos según el rol del usuario *para* garantizar que cada usuario vea solo lo que le corresponde."
"SGS-29","Sub-task","Crear middleware de autenticación","Por hacer","High","SGS-24","EPIC-01 Autenticación, Seguridad y Control de Accesos","SGS-28","HU-01.02 Implementar Roles y Autorización","Sprint 1","Alexander Rodriguez","Alexander Rodriguez","Gunnar Pecho","18/08/2026 10:26","18/08/2026 10:26","01/09/2026 00:00","18/08/2026 00:00","1","0","0|i00073:","","Por hacer","18/ago/26 10:26 AM","Crear función Auth::check() que verifique sesión activa. Implementar Auth::requireLogin() para rutas protegidas. Redirigir a /login si no está autenticado. Registrar intentos de acceso no autorizado en audit_log."
"SGS-30","Sub-task","Crear middleware de autorización por rol","Por hacer","High","SGS-24","EPIC-01 Autenticación, Seguridad y Control de Accesos","SGS-28","HU-01.02 Implementar Roles y Autorización","Sprint 1","Alexander Rodriguez","Alexander Rodriguez","Gunnar Pecho","18/08/2026 10:27","18/08/2026 10:27","01/09/2026 00:00","18/08/2026 00:00","1","0","0|i0007b:","","Por hacer","18/ago/26 10:27 AM","Crear función Auth::authorize($roles) que verifique si el rol del usuario está en el array permitido. Responder HTTP 403 (Prohibido) si no tiene permisos. Implementar en cada módulo: authorize(['OWNER','EMPLOYEE']) para empleados, authorize(['OWNER']) para configuraciones."
"SGS-31","Task","HU-01.03 Registrar Clientes y Usuarios","Por hacer","High","SGS-24","EPIC-01 Autenticación, Seguridad y Control de Accesos","SGS-24","EPIC-01 Autenticación, Seguridad y Control de Accesos","Sprint 1","Alexander Rodriguez","Alexander Rodriguez","Gunnar Pecho","18/08/2026 10:28","18/08/2026 10:28","01/09/2026 00:00","18/08/2026 00:00","3","0","0|i0007j:","","Por hacer","18/ago/26 10:28 AM","*Como* usuario, *quiero* registrarme en el sistema *para* acceder como cliente o, si soy OWNER, gestionar empleados."
"SGS-32","Sub-task","Diseñar formulario de registro de cliente","Por hacer","High","SGS-24","EPIC-01 Autenticación, Seguridad y Control de Accesos","SGS-31","HU-01.03 Registrar Clientes y Usuarios","Sprint 1","Alexander Rodriguez","Alexander Rodriguez","Alexander Rodriguez","18/08/2026 10:29","18/08/2026 10:29","01/09/2026 00:00","18/08/2026 00:00","1","0","0|i0007r:","","Por hacer","18/ago/26 10:29 AM","Crear página /register con formulario responsive. Campos: CI (text), Nombre (text), Email (email), Teléfono (text), Dirección (textarea), Contraseña (password), Confirmar Contraseña (password). Botón 'Registrarse' dorado #D4AF37. Validaciones visuales con Bootstrap."
"SGS-33","Sub-task","Implementar registro de clientes en PHP","Por hacer","High","SGS-24","EPIC-01 Autenticación, Seguridad y Control de Accesos","SGS-31","HU-01.03 Registrar Clientes y Usuarios","Sprint 1","Alexander Rodriguez","Alexander Rodriguez","Gunnar Pecho","18/08/2026 10:30","18/08/2026 10:30","01/09/2026 00:00","18/08/2026 00:00","1","0","0|i0007z:","","Por hacer","18/ago/26 10:30 AM","Implementar endpoint POST /api/auth/register. Validar unicidad de email y CI. Crear usuario en tabla users con role_id=3 (CLIENT). Insertar datos en customers. Hash de contraseña con password_hash(). Responder con éxito o errores específicos (email/CI duplicado, campos inválidos)."
"SGS-34","Sub-task","Implementar panel de gestión de empleados (solo OWNER)","Por hacer","High","SGS-24","EPIC-01 Autenticación, Seguridad y Control de Accesos","SGS-31","HU-01.03 Registrar Clientes y Usuarios","Sprint 1","Alexander Rodriguez","Alexander Rodriguez","Gunnar Pecho","18/08/2026 10:31","18/08/2026 10:31","01/09/2026 00:00","18/08/2026 00:00","1","0","0|i00087:","","Por hacer","18/ago/26 10:31 AM","Crear panel de administración para que el OWNER pueda registrar, listar, editar y desactivar EMPLOYEE. Usar tabla users con role_id=2. Validar que solo OWNER tenga acceso a este módulo. Formulario: nombre, email, contraseña temporal (generada y hasheada), rol. Enviar notificación simulada con credenciales."
"SGS-35","Task","HU-01.04 Recuperar Contraseña y Cerrar Sesión","Por hacer","High","SGS-24","EPIC-01 Autenticación, Seguridad y Control de Accesos","SGS-24","EPIC-01 Autenticación, Seguridad y Control de Accesos","Sprint 1","Alexander Rodriguez","Alexander Rodriguez","Gunnar Pecho","18/08/2026 10:32","18/08/2026 10:32","01/09/2026 00:00","18/08/2026 00:00","2","0","0|i0008f:","","Por hacer","18/ago/26 10:32 AM","*Como* usuario, *quiero* recuperar mi contraseña y cerrar sesión de forma segura *para* mantener el control de mi cuenta."
"SGS-36","Sub-task","Implementar recuperación de contraseña","Por hacer","High","SGS-24","EPIC-01 Autenticación, Seguridad y Control de Accesos","SGS-35","HU-01.04 Recuperar Contraseña y Cerrar Sesión","Sprint 1","Alexander Rodriguez","Alexander Rodriguez","Gunnar Pecho","18/08/2026 10:33","18/08/2026 10:33","01/09/2026 00:00","18/08/2026 00:00","1","0","0|i0008n:","","Por hacer","18/ago/26 10:33 AM","Crear flujo de recuperación de contraseña simulado: endpoint POST /api/auth/forgot que genera token temporal. Crear endpoint POST /api/auth/reset que valida token y actualiza contraseña. No exponer si el email existe o no. Usar token_hash y expiración en tabla password_resets."
"SGS-37","Sub-task","Diseñar pantalla de recuperación y logout","Por hacer","High","SGS-24","EPIC-01 Autenticación, Seguridad y Control de Accesos","SGS-35","HU-01.04 Recuperar Contraseña y Cerrar Sesión","Sprint 1","Alexander Rodriguez","Alexander Rodriguez","Alexander Rodriguez","18/08/2026 10:34","18/08/2026 10:34","01/09/2026 00:00","18/08/2026 00:00","1","0","0|i0008v:","","Por hacer","18/ago/26 10:34 AM","Crear página /forgot-password con campo email y botón 'Enviar enlace' dorado. Crear página /reset-password con campos nueva contraseña y confirmación. Implementar cierre de sesión: destruir sesión con session_destroy(), regenerar session_id, redirigir a /login."
"SGS-38","Sub-task","Diseñar Navbar por rol y pantallas de autenticación","Por hacer","High","SGS-24","EPIC-01 Autenticación, Seguridad y Control de Accesos","SGS-35","HU-01.04 Recuperar Contraseña y Cerrar Sesión","Sprint 1","Alexander Rodriguez","Alexander Rodriguez","Alexander Rodriguez","18/08/2026 10:35","18/08/2026 10:35","01/09/2026 00:00","18/08/2026 00:00","0","0","0|i00093:","","Por hacer","18/ago/26 10:35 AM","Crear navbar superior responsive con fondo #0B192C. Mostrar enlaces según rol (OWNER: Dashboard, Empeños, Inventario, Subastas, Reportes, Configuración, Usuarios; EMPLOYEE: Dashboard, Empeños, Inventario, Subastas; CLIENT: Dashboard, Mis Empeños, Subastas, Perfil). Ocultar opciones no autorizadas. Botón de cierre de sesión en esquina superior derecha."
"SGS-39","Epic","EPIC-02 Gestión de Empeños, Contratos y Pagos","Por hacer","High","SGS-39","EPIC-02 Gestión de Empeños, Contratos y Pagos",,,,"Alexander Rodriguez","Alexander Rodriguez","Gunnar Pecho","18/08/2026 10:36","18/08/2026 10:36","15/09/2026 00:00","18/08/2026 00:00","0","0","0|i0009b:","yellow","Por hacer","18/ago/26 10:36 AM","Módulo encargado de la gestión completa de empeños: registro de clientes, registro de prendas con fotografías, cálculo de intereses, generación de contratos PDF, refrendos y desempeños."
"SGS-40","Task","HU-02.01 Registrar Cliente en Wizard de Empeño","Por hacer","High","SGS-39","EPIC-02 Gestión de Empeños, Contratos y Pagos","SGS-39","EPIC-02 Gestión de Empeños, Contratos y Pagos","Sprint 2","Alexander Rodriguez","Alexander Rodriguez","Alexander Rodriguez","18/08/2026 10:37","18/08/2026 10:37","15/09/2026 00:00","18/08/2026 00:00","3","0","0|i0009j:","","Por hacer","18/ago/26 10:37 AM","*Como* empleado, *quiero* registrar o seleccionar un cliente en el paso 1 del wizard *para* asociarlo a la operación de empeño."
"SGS-41","Sub-task","Diseñar Paso 1 del Wizard - Cliente","Por hacer","High","SGS-39","EPIC-02 Gestión de Empeños, Contratos y Pagos","SGS-40","HU-02.01 Registrar Cliente en Wizard de Empeño","Sprint 2","Alexander Rodriguez","Alexander Rodriguez","Alexander Rodriguez","18/08/2026 10:38","18/08/2026 10:38","15/09/2026 00:00","18/08/2026 00:00","1","0","0|i0009r:","","Por hacer","18/ago/26 10:38 AM","Crear Paso 1 del wizard con búsqueda de cliente por CI/Nombre (autocompletado) y botón 'Registrar Nuevo Cliente'. Mostrar tarjeta con título 'Paso 1: Cliente'. El autocompletado debe sugerir clientes existentes. Botones: 'Continuar' (dorado #D4AF37) y 'Cancelar' (azul marino #0B192C) al pie."
"SGS-42","Sub-task","Implementar validación de cliente en servidor","Por hacer","High","SGS-39","EPIC-02 Gestión de Empeños, Contratos y Pagos","SGS-40","HU-02.01 Registrar Cliente en Wizard de Empeño","Sprint 2","Alexander Rodriguez","Alexander Rodriguez","Gunnar Pecho","18/08/2026 10:39","18/08/2026 10:39","15/09/2026 00:00","18/08/2026 00:00","1","0","0|i0009z:","","Por hacer","18/ago/26 10:39 AM","Validar en servidor: CI único, email válido, teléfono con formato boliviano (7-8 dígitos), nombre no vacío, dirección no vacía. Normalizar datos (trim, uppercase para CI). Responder errores por campo sin guardar registros incompletos."
"SGS-43","Task","HU-02.02 Registrar Prenda y Capturar Fotografías","Por hacer","High","SGS-39","EPIC-02 Gestión de Empeños, Contratos y Pagos","SGS-39","EPIC-02 Gestión de Empeños, Contratos y Pagos","Sprint 2","Alexander Rodriguez","Alexander Rodriguez","Gunnar Pecho","18/08/2026 10:40","18/08/2026 10:40","15/09/2026 00:00","18/08/2026 00:00","3","0","0|i000a7:","","Por hacer","18/ago/26 10:40 AM","*Como* empleado, *quiero* registrar la prenda y capturar sus fotografías en el paso 2 del wizard *para* documentar el objeto empeñado."
"SGS-44","Sub-task","Diseñar Paso 2 del Wizard - Prenda","Por hacer","High","SGS-39","EPIC-02 Gestión de Empeños, Contratos y Pagos","SGS-43","HU-02.02 Registrar Prenda y Capturar Fotografías","Sprint 2","Alexander Rodriguez","Alexander Rodriguez","Alexander Rodriguez","18/08/2026 10:41","18/08/2026 10:41","15/09/2026 00:00","18/08/2026 00:00","1","0","0|i000af:","","Por hacer","18/ago/26 10:41 AM","Crear Paso 2 con campos: nombre de prenda, categoría (dropdown: Joyería, Electrónica, Vehículos, Herramientas, Otros), descripción, valor estimado, condición (Excelente, Bueno, Regular, Malo). Área de captura/subida de fotos con preview. Botón de captura dorado en zona de carga de imágenes. Contador mínimo de 3 fotos."
"SGS-45","Sub-task","Implementar captura de cámara y subida de imágenes","Por hacer","High","SGS-39","EPIC-02 Gestión de Empeños, Contratos y Pagos","SGS-43","HU-02.02 Registrar Prenda y Capturar Fotografías","Sprint 2","Alexander Rodriguez","Alexander Rodriguez","Alexander Rodriguez","18/08/2026 10:42","18/08/2026 10:42","15/09/2026 00:00","18/08/2026 00:00","1","0","0|i000an:","","Por hacer","18/ago/26 10:42 AM","Integrar input capture (camera) y selector de archivos para móvil/PC. Mostrar miniaturas con vista previa, permitir eliminación y reemplazo antes de enviar. No almacenar imágenes en localStorage como fuente principal. Validar extensión MIME, tamaño máximo 5MB."
"SGS-46","Sub-task","Implementar almacenamiento de imágenes en servidor","Por hacer","High","SGS-39","EPIC-02 Gestión de Empeños, Contratos y Pagos","SGS-43","HU-02.02 Registrar Prenda y Capturar Fotografías","Sprint 2","Alexander Rodriguez","Alexander Rodriguez","Gunnar Pecho","18/08/2026 10:43","18/08/2026 10:43","15/09/2026 00:00","18/08/2026 00:00","1","0","0|i000av:","","Por hacer","18/ago/26 10:43 AM","Crear endpoint POST /api/upload que reciba archivos, optimice (conversión a WebP/JPEG), genere nombre seguro y almacene en /public/uploads/items/. Guardar ruta en tabla item_photos con FK al item. Validar mínimo de 3 fotografías. Rechazar archivos inválidos con respuesta controlada."
"SGS-47","Task","HU-02.03 Calcular Intereses y Crear Contrato","Por hacer","High","SGS-39","EPIC-02 Gestión de Empeños, Contratos y Pagos","SGS-39","EPIC-02 Gestión de Empeños, Contratos y Pagos","Sprint 2","Alexander Rodriguez","Alexander Rodriguez","Gunnar Pecho","18/08/2026 10:44","18/08/2026 10:44","15/09/2026 00:00","18/08/2026 00:00","3","0","0|i000b3:","","Por hacer","18/ago/26 10:44 AM","*Como* empleado, *quiero* calcular intereses y crear el contrato en el paso 3 del wizard *para* formalizar la operación de empeño."
"SGS-48","Sub-task","Diseñar Paso 3 del Wizard - Contrato","Por hacer","High","SGS-39","EPIC-02 Gestión de Empeños, Contratos y Pagos","SGS-47","HU-02.03 Calcular Intereses y Crear Contrato","Sprint 2","Alexander Rodriguez","Alexander Rodriguez","Alexander Rodriguez","18/08/2026 10:45","18/08/2026 10:45","15/09/2026 00:00","18/08/2026 00:00","1","0","0|i000bb:","","Por hacer","18/ago/26 10:45 AM","Crear Paso 3 con campos: monto prestado, plazo (meses), modalidad (Cuotas Mensuales / Pago Único), tasa de interés. Mostrar resumen de capital, interés total, monto total a pagar y fecha de vencimiento. El botón 'Confirmar Contrato' debe ser dorado #D4AF37. Zona de cálculo destacada con fondo claro y borde dorado."
"SGS-49","Sub-task","Implementar cálculo de intereses en servidor","Por hacer","High","SGS-39","EPIC-02 Gestión de Empeños, Contratos y Pagos","SGS-47","HU-02.03 Calcular Intereses y Crear Contrato","Sprint 2","Alexander Rodriguez","Alexander Rodriguez","Gunnar Pecho","18/08/2026 10:46","18/08/2026 10:46","15/09/2026 00:00","18/08/2026 00:00","1","0","0|i000bj:","","Por hacer","18/ago/26 10:46 AM","Usar tabla system_settings para tasa de interés configurable. Validar monto > 0, plazo > 0, tasa permitida. Calcular en servidor usando DECIMAL y reglas deterministas. Para cuotas mensuales: interés compuesto. Para pago único: interés simple. Rechazar valores negativos o manipulados desde cliente. Guardar cálculo en tabla contracts."
"SGS-50","Sub-task","Generar contrato PDF con FPDF/TCPDF","Por hacer","High","SGS-39","EPIC-02 Gestión de Empeños, Contratos y Pagos","SGS-47","HU-02.03 Calcular Intereses y Crear Contrato","Sprint 2","Alexander Rodriguez","Alexander Rodriguez","Gunnar Pecho","18/08/2026 10:47","18/08/2026 10:47","15/09/2026 00:00","18/08/2026 00:00","1","0","0|i000br:","","Por hacer","18/ago/26 10:47 AM","Integrar librería FPDF/TCPDF incluida en el repositorio (compatible con InfinityFree). Generar PDF con: logo de SIGES, datos del cliente, datos de la prenda, monto, intereses, plazo, fechas, condiciones legales, tabla de amortización (si aplica) y código QR generado dinámicamente. Manejar errores de generación sin exponer rutas."
"SGS-51","Task","HU-02.04 Implementar Refrendo y Desempeño","Por hacer","High","SGS-39","EPIC-02 Gestión de Empeños, Contratos y Pagos","SGS-39","EPIC-02 Gestión de Empeños, Contratos y Pagos","Sprint 2","Alexander Rodriguez","Alexander Rodriguez","Gunnar Pecho","18/08/2026 10:48","18/08/2026 10:48","15/09/2026 00:00","18/08/2026 00:00","2","0","0|i000bz:","","Por hacer","18/ago/26 10:48 AM","*Como* empleado, *quiero* registrar refrendos (renovación) y desempeños (cancelación) *para* gestionar el ciclo de vida del contrato."
"SGS-52","Sub-task","Implementar lógica de refrendo","Por hacer","High","SGS-39","EPIC-02 Gestión de Empeños, Contratos y Pagos","SGS-51","HU-02.04 Implementar Refrendo y Desempeño","Sprint 2","Alexander Rodriguez","Alexander Rodriguez","Gunnar Pecho","18/08/2026 10:49","18/08/2026 10:49","15/09/2026 00:00","18/08/2026 00:00","1","0","0|i000c7:","","Por hacer","18/ago/26 10:49 AM","Endpoint POST /api/contracts/:id/refrendo: calcular monto de intereses acumulados, registrar pago en tabla payments, extender fecha de vencimiento según plazo seleccionado, actualizar estado del contrato. Ejecutar en transacción. Generar recibo de pago en PDF."
"SGS-53","Sub-task","Implementar lógica de desempeño","Por hacer","High","SGS-39","EPIC-02 Gestión de Empeños, Contratos y Pagos","SGS-51","HU-02.04 Implementar Refrendo y Desempeño","Sprint 2","Alexander Rodriguez","Alexander Rodriguez","Gunnar Pecho","18/08/2026 10:50","18/08/2026 10:50","15/09/2026 00:00","18/08/2026 00:00","1","0","0|i000cf:","","Por hacer","18/ago/26 10:50 AM","Endpoint POST /api/contracts/:id/desempeno: calcular total capital+intereses pendientes, registrar pago en tabla payments, cambiar estado a COMPLETED, liberar prenda del inventario. Validar que no existan deudas pendientes. Ejecutar en transacción. Generar comprobante de cancelación en PDF."
"SGS-54","Sub-task","Diseñar historial del empeño","Por hacer","High","SGS-39","EPIC-02 Gestión de Empeños, Contratos y Pagos","SGS-51","HU-02.04 Implementar Refrendo y Desempeño","Sprint 2","Alexander Rodriguez","Alexander Rodriguez","Alexander Rodriguez","18/08/2026 10:51","18/08/2026 10:51","15/09/2026 00:00","18/08/2026 00:00","0","0","0|i000cn:","","Por hacer","18/ago/26 10:51 AM","Crear vista de detalles del contrato con: datos del cliente, datos de la prenda, condiciones financieras, tabla de pagos realizados, historial de refrendos, estado actual (badge verde #198754 para ACTIVO, amarillo #FFC107 para PRÓXIMO A VENCER, rojo #DC3545 para VENCIDO). Botones de acción: 'Refrendar' (dorado), 'Desempeñar' (verde), 'Descargar PDF' (azul marino) solo cuando el rol y estado lo permitan."
"SGS-55","Epic","EPIC-03 Valuación y Depreciación de Prendas","Por hacer","High","SGS-55","EPIC-03 Valuación y Depreciación de Prendas",,,,"Alexander Rodriguez","Alexander Rodriguez","Gunnar Pecho","18/08/2026 10:52","18/08/2026 10:52","15/09/2026 00:00","18/08/2026 00:00","0","0","0|i000cv:","dark_yellow","Por hacer","18/ago/26 10:52 AM","Módulo encargado de la valuación de prendas con asistente de precios de referencia, depreciación automática para electrónicos y factor de condición."
"SGS-56","Task","HU-03.01 Diseñar Asistente de Valuación","Por hacer","High","SGS-55","EPIC-03 Valuación y Depreciación de Prendas","SGS-55","EPIC-03 Valuación y Depreciación de Prendas","Sprint 3","Alexander Rodriguez","Alexander Rodriguez","Alexander Rodriguez","18/08/2026 10:53","18/08/2026 10:53","15/09/2026 00:00","18/08/2026 00:00","2","0","0|i000d3:","","Por hacer","18/ago/26 10:53 AM","*Como* tasador o empleado, *quiero* utilizar un asistente de valuación *para* determinar el valor de mercado de la prenda."
"SGS-57","Sub-task","Diseñar panel del asistente de valuación","Por hacer","High","SGS-55","EPIC-03 Valuación y Depreciación de Prendas","SGS-56","HU-03.01 Diseñar Asistente de Valuación","Sprint 3","Alexander Rodriguez","Alexander Rodriguez","Alexander Rodriguez","18/08/2026 10:54","18/08/2026 10:54","15/09/2026 00:00","18/08/2026 00:00","1","0","0|i000db:","","Por hacer","18/ago/26 10:54 AM","Crear panel por pasos: categoría (dropdown), producto (text), antigüedad (años), condición (Excelente/Bueno/Regular/Malo), referencias de mercado (lista). Resumen de valor estimado en una tarjeta con encabezado azul marino #0B192C y resultado destacado en dorado #D4AF37."
"SGS-58","Task","HU-03.02 Implementar Depreciación y Factor de Condición","Por hacer","High","SGS-55","EPIC-03 Valuación y Depreciación de Prendas","SGS-55","EPIC-03 Valuación y Depreciación de Prendas","Sprint 3","Alexander Rodriguez","Alexander Rodriguez","Gunnar Pecho","18/08/2026 10:55","18/08/2026 10:55","15/09/2026 00:00","18/08/2026 00:00","3","0","0|i000dj:","","Por hacer","18/ago/26 10:55 AM","*Como* sistema, *quiero* aplicar depreciación automática y factor de condición *para* calcular el valor ajustado de la prenda."
"SGS-59","Sub-task","Crear tabla de referencias de mercado","Por hacer","High","SGS-55","EPIC-03 Valuación y Depreciación de Prendas","SGS-58","HU-03.02 Implementar Depreciación y Factor de Condición","Sprint 3","Alexander Rodriguez","Alexander Rodriguez","Gunnar Pecho","18/08/2026 10:56","18/08/2026 10:56","15/09/2026 00:00","18/08/2026 00:00","1","0","0|i000dr:","","Por hacer","18/ago/26 10:56 AM","Crear tabla market_price_references (id, category, product, reference_price, source, reference_date, created_at). Validar precios positivos, fechas y unicidad razonable. Permitir actualización solo a OWNER/EMPLOYEE autorizado. Llenar con datos de referencia de mercado."
"SGS-60","Sub-task","Implementar depreciación electrónica","Por hacer","High","SGS-55","EPIC-03 Valuación y Depreciación de Prendas","SGS-58","HU-03.02 Implementar Depreciación y Factor de Condición","Sprint 3","Alexander Rodriguez","Alexander Rodriguez","Gunnar Pecho","18/08/2026 10:57","18/08/2026 10:57","15/09/2026 00:00","18/08/2026 00:00","1","0","0|i000dz:","","Por hacer","18/ago/26 10:57 AM","Aplicar fórmula configurada por antigüedad y categoría electrónica: Joyería (10-15% anual), Electrónica (30-40% anual), Vehículos (20-25% anual). Registrar precio base, porcentaje aplicado, valor depreciado y valor final en tabla appraisals. No recalcular históricamente con parámetros nuevos."
"SGS-61","Sub-task","Implementar factor de condición","Por hacer","High","SGS-55","EPIC-03 Valuación y Depreciación de Prendas","SGS-58","HU-03.02 Implementar Depreciación y Factor de Condición","Sprint 3","Alexander Rodriguez","Alexander Rodriguez","Gunnar Pecho","18/08/2026 10:58","18/08/2026 10:58","15/09/2026 00:00","18/08/2026 00:00","1","0","0|i000e7:","","Por hacer","18/ago/26 10:58 AM","Definir factores: Excelente (1.0), Bueno (0.8), Regular (0.6), Malo (0.4). Validar estado permitido y aplicar factor en servidor sobre el valor base/depreciado. Guardar en tabla appraisals junto con el valor final y condición seleccionada."
"SGS-62","Task","HU-03.03 Integrar Valuación al Empeño","Por hacer","High","SGS-55","EPIC-03 Valuación y Depreciación de Prendas","SGS-55","EPIC-03 Valuación y Depreciación de Prendas","Sprint 3","Alexander Rodriguez","Alexander Rodriguez","Gunnar Pecho","18/08/2026 10:59","18/08/2026 10:59","15/09/2026 00:00","18/08/2026 00:00","2","0","0|i000ef:","","Por hacer","18/ago/26 10:59 AM","*Como* empleado, *quiero* integrar la valuación al proceso de empeño *para* registrar el valor estimado de la prenda."
"SGS-63","Sub-task","Guardar valuación asociada al empeño","Por hacer","High","SGS-55","EPIC-03 Valuación y Depreciación de Prendas","SGS-62","HU-03.03 Integrar Valuación al Empeño","Sprint 3","Alexander Rodriguez","Alexander Rodriguez","Gunnar Pecho","18/08/2026 11:00","18/08/2026 11:00","15/09/2026 00:00","18/08/2026 00:00","1","0","0|i000en:","","Por hacer","18/ago/26 11:00 AM","Guardar appraisal asociado a item/contract con: valor de referencia, depreciación aplicada, condición, valor final, fecha de valuación, usuario valuador. Validar que el valor final sea positivo. Solo roles autorizados (EMPLOYEE/OWNER) pueden confirmar la valuación. Mostrar comparación de valores en tarjetas."
"SGS-64","Epic","EPIC-04 Inventario y Trazabilidad de Prendas","Por hacer","High","SGS-64","EPIC-04 Inventario y Trazabilidad de Prendas",,,,"Alexander Rodriguez","Alexander Rodriguez","Gunnar Pecho","18/08/2026 11:01","18/08/2026 11:01","15/09/2026 00:00","18/08/2026 00:00","0","0","0|i000ev:","orange","Por hacer","18/ago/26 11:01 AM","Módulo encargado de la gestión de ubicaciones físicas de prendas, mapa de almacén, alertas de vencimiento e historial de movimientos."
"SGS-65","Task","HU-04.01 Gestionar Ubicaciones de Almacén","Por hacer","High","SGS-64","EPIC-04 Inventario y Trazabilidad de Prendas","SGS-64","EPIC-04 Inventario y Trazabilidad de Prendas","Sprint 4","Alexander Rodriguez","Alexander Rodriguez","Gunnar Pecho","18/08/2026 11:02","18/08/2026 11:02","15/09/2026 00:00","18/08/2026 00:00","2","0","0|i000f3:","","Por hacer","18/ago/26 11:02 AM","*Como* empleado de almacén, *quiero* asignar y validar ubicaciones físicas de prendas *para* evitar extravíos y mantener el control del inventario."
"SGS-66","Sub-task","Crear tabla warehouse_locations","Por hacer","High","SGS-64","EPIC-04 Inventario y Trazabilidad de Prendas","SGS-65","HU-04.01 Gestionar Ubicaciones de Almacén","Sprint 4","Alexander Rodriguez","Alexander Rodriguez","Gunnar Pecho","18/08/2026 11:03","18/08/2026 11:03","15/09/2026 00:00","18/08/2026 00:00","1","0","0|i000fb:","","Por hacer","18/ago/26 11:03 AM","Crear tabla warehouse_locations (id, aisle, shelf, level, capacity, status). Validar duplicados de ubicación (aisle + shelf + level) y capacidad positiva. Controlar acceso de escritura según rol (solo EMPLOYEE/OWNER)."
"SGS-67","Sub-task","Implementar asignación de ubicación a prendas","Por hacer","High","SGS-64","EPIC-04 Inventario y Trazabilidad de Prendas","SGS-65","HU-04.01 Gestionar Ubicaciones de Almacén","Sprint 4","Alexander Rodriguez","Alexander Rodriguez","Gunnar Pecho","18/08/2026 11:04","18/08/2026 11:04","15/09/2026 00:00","18/08/2026 00:00","1","0","0|i000fj:","","Por hacer","18/ago/26 11:04 AM","Endpoint POST /api/inventory/assign: validar que la ubicación esté disponible (no ocupada), que la prenda sea elegible para almacenamiento (contrato activo), y que el usuario tenga permisos. Actualizar estado del inventario dentro de una transacción. Registrar movimiento en inventory_movements."
"SGS-68","Task","HU-04.02 Visualizar Mapa de Almacén","Por hacer","High","SGS-64","EPIC-04 Inventario y Trazabilidad de Prendas","SGS-64","EPIC-04 Inventario y Trazabilidad de Prendas","Sprint 4","Alexander Rodriguez","Alexander Rodriguez","Alexander Rodriguez","18/08/2026 11:05","18/08/2026 11:05","15/09/2026 00:00","18/08/2026 00:00","2","0","0|i000fr:","","Por hacer","18/ago/26 11:05 AM","*Como* empleado, *quiero* visualizar la disponibilidad de espacio en almacén *para* optimizar la ubicación de prendas."
"SGS-69","Sub-task","Implementar mapa interactivo del almacén","Por hacer","High","SGS-64","EPIC-04 Inventario y Trazabilidad de Prendas","SGS-68","HU-04.02 Visualizar Mapa de Almacén","Sprint 4","Alexander Rodriguez","Alexander Rodriguez","Alexander Rodriguez","18/08/2026 11:06","18/08/2026 11:06","15/09/2026 00:00","18/08/2026 00:00","1","0","0|i000fz:","","Por hacer","18/ago/26 11:06 AM","Construir representación visual por pasillo/estante/nivel con Bootstrap grid. Celdas ocupadas en rojo #DC3545, libres en verde #198754, con alerta en amarillo #FFC107. Incluir leyenda visible. Al hacer clic en una celda libre, abrir modal para asignar prenda. Al hacer clic en ocupada, mostrar detalle de la prenda."
"SGS-70","Task","HU-04.03 Implementar Alertas de Vencimiento","Por hacer","High","SGS-64","EPIC-04 Inventario y Trazabilidad de Prendas","SGS-64","EPIC-04 Inventario y Trazabilidad de Prendas","Sprint 4","Alexander Rodriguez","Alexander Rodriguez","Gunnar Pecho","18/08/2026 11:07","18/08/2026 11:07","15/09/2026 00:00","18/08/2026 00:00","2","0","0|i000g7:","","Por hacer","18/ago/26 11:07 AM","*Como* sistema, *quiero* alertar sobre prendas próximas a vencer *para* tomar acciones oportunas."
"SGS-71","Sub-task","Implementar detección de vencimientos","Por hacer","High","SGS-64","EPIC-04 Inventario y Trazabilidad de Prendas","SGS-70","HU-04.03 Implementar Alertas de Vencimiento","Sprint 4","Alexander Rodriguez","Alexander Rodriguez","Gunnar Pecho","18/08/2026 11:08","18/08/2026 11:08","15/09/2026 00:00","18/08/2026 00:00","1","0","0|i000gf:","","Por hacer","18/ago/26 11:08 AM","Consultar contratos próximos a vencer en 3 días. Generar registros en tabla notifications. Evitar duplicados mediante clave lógica por contrato/fecha/tipo. Manejar fechas en servidor con zona horaria configurada. Crear widget de alertas en vista de inventario, sobre la tabla."
"SGS-72","Epic","EPIC-05 Motor de Subastas en Tiempo Real","Por hacer","High","SGS-72","EPIC-05 Motor de Subastas en Tiempo Real",,,,"Alexander Rodriguez","Alexander Rodriguez","Gunnar Pecho","18/08/2026 11:09","18/08/2026 11:09","15/09/2026 00:00","18/08/2026 00:00","0","0","0|i000gn:","purple","Por hacer","18/ago/26 11:09 AM","Módulo encargado de la gestión de subastas de prendas en mora, pujas en tiempo real, compra directa, anti-sniping y liquidación."
"SGS-73","Task","HU-05.01 Gestionar Subastas y Pujas","Por hacer","High","SGS-72","EPIC-05 Motor de Subastas en Tiempo Real","SGS-72","EPIC-05 Motor de Subastas en Tiempo Real","Sprint 5","Alexander Rodriguez","Alexander Rodriguez","Gunnar Pecho","18/08/2026 11:10","18/08/2026 11:10","15/09/2026 00:00","18/08/2026 00:00","3","0","0|i000gv:","","Por hacer","18/ago/26 11:10 AM","*Como* sistema, *quiero* gestionar subastas y pujas de prendas en mora *para* facilitar la venta de objetos impagos."
"SGS-74","Sub-task","Implementar conversión automática a subasta","Por hacer","High","SGS-72","EPIC-05 Motor de Subastas en Tiempo Real","SGS-73","HU-05.01 Gestionar Subastas y Pujas","Sprint 5","Alexander Rodriguez","Alexander Rodriguez","Gunnar Pecho","18/08/2026 11:11","18/08/2026 11:11","15/09/2026 00:00","18/08/2026 00:00","1","0","0|i000h3:","","Por hacer","18/ago/26 11:11 AM","Crear proceso PHP programable por solicitud o tarea compatible con hosting compartido que detecte contratos con 90+ días de impago. Validar estado (VENCIDO), fecha y ausencia de subasta previa antes de crearla. Crear registro en tabla auctions con precio inicial = valor final de valuación."
"SGS-75","Sub-task","Crear tablas auctions y bids","Por hacer","High","SGS-72","EPIC-05 Motor de Subastas en Tiempo Real","SGS-73","HU-05.01 Gestionar Subastas y Pujas","Sprint 5","Alexander Rodriguez","Alexander Rodriguez","Gunnar Pecho","18/08/2026 11:12","18/08/2026 11:12","15/09/2026 00:00","18/08/2026 00:00","1","0","0|i000hb:","","Por hacer","18/ago/26 11:12 AM","Crear tabla auctions (id, contract_id, start_price, current_price, increment_min, end_time, status, created_at). Crear tabla bids (id, auction_id, user_id, amount, created_at). Añadir índices por estado/fecha. Restricciones para mantener integridad: current_price >= start_price, increment_min > 0, status en ('ACTIVE','CLOSED','CANCELLED')."
"SGS-76","Task","HU-05.02 Implementar Sistema de Pujas Seguras","Por hacer","High","SGS-72","EPIC-05 Motor de Subastas en Tiempo Real","SGS-72","EPIC-05 Motor de Subastas en Tiempo Real","Sprint 5","Alexander Rodriguez","Alexander Rodriguez","Gunnar Pecho","18/08/2026 11:13","18/08/2026 11:13","15/09/2026 00:00","18/08/2026 00:00","3","0","0|i000hj:","","Por hacer","18/ago/26 11:13 AM","*Como* cliente, *quiero* hacer pujas en subastas activas *para* competir por prendas."
"SGS-77","Sub-task","Implementar puja segura en servidor","Por hacer","High","SGS-72","EPIC-05 Motor de Subastas en Tiempo Real","SGS-76","HU-05.02 Implementar Sistema de Pujas Seguras","Sprint 5","Alexander Rodriguez","Alexander Rodriguez","Gunnar Pecho","18/08/2026 11:14","18/08/2026 11:14","15/09/2026 00:00","18/08/2026 00:00","1","0","0|i000hr:","","Por hacer","18/ago/26 11:14 AM","Endpoint POST /api/auctions/:id/bid: validar sesión CLIENT, subasta activa, monto > current_price + increment_min, hora de cierre no superada. Usar transacción y bloqueo apropiado para evitar dos pujas aceptadas con precio inconsistente. Actualizar current_price. Registrar en tabla bids. Responder con éxito o error."
"SGS-78","Sub-task","Implementar temporizador frontend","Por hacer","High","SGS-72","EPIC-05 Motor de Subastas en Tiempo Real","SGS-76","HU-05.02 Implementar Sistema de Pujas Seguras","Sprint 5","Alexander Rodriguez","Alexander Rodriguez","Alexander Rodriguez","18/08/2026 11:15","18/08/2026 11:15","15/09/2026 00:00","18/08/2026 00:00","1","0","0|i000hz:","","Por hacer","18/ago/26 11:15 AM","Mostrar cuenta regresiva basada en hora de servidor/cierre (no confiar en reloj del cliente). Actualizar mediante setInterval (AJAX polling). Cambiar a estado finalizado cuando corresponda. Mostrar en rojo #DC3545 cuando falten menos de 2 minutos."
"SGS-79","Task","HU-05.03 Implementar Compra Directa y Anti-Sniping","Por hacer","High","SGS-72","EPIC-05 Motor de Subastas en Tiempo Real","SGS-72","EPIC-05 Motor de Subastas en Tiempo Real","Sprint 5","Alexander Rodriguez","Alexander Rodriguez","Gunnar Pecho","18/08/2026 11:16","18/08/2026 11:16","15/09/2026 00:00","18/08/2026 00:00","2","0","0|i000i7:","","Por hacer","18/ago/26 11:16 AM","*Como* cliente, *quiero* comprar directamente y el sistema debe evitar pujas de último minuto *para* asegurar una subasta justa."
"SGS-80","Sub-task","Implementar compra directa (+50%)","Por hacer","High","SGS-72","EPIC-05 Motor de Subastas en Tiempo Real","SGS-79","HU-05.03 Implementar Compra Directa y Anti-Sniping","Sprint 5","Alexander Rodriguez","Alexander Rodriguez","Gunnar Pecho","18/08/2026 11:17","18/08/2026 11:17","15/09/2026 00:00","18/08/2026 00:00","1","0","0|i000if:","","Por hacer","18/ago/26 11:17 AM","Calcular precio fijo como base configurada +50% (de la tabla system_settings). Validar que subasta siga activa. Registrar compra en tabla auctions con status='COMPLETED'. Cambiar estado de contrato a 'FINALIZADO'. Registrar venta en tabla settlements. Ejecutar todo en una transacción."
"SGS-81","Sub-task","Implementar anti-sniping","Por hacer","High","SGS-72","EPIC-05 Motor de Subastas en Tiempo Real","SGS-79","HU-05.03 Implementar Compra Directa y Anti-Sniping","Sprint 5","Alexander Rodriguez","Alexander Rodriguez","Gunnar Pecho","18/08/2026 11:18","18/08/2026 11:18","15/09/2026 00:00","18/08/2026 00:00","1","0","0|i000in:","","Por hacer","18/ago/26 11:18 AM","Cuando una puja válida ocurra durante el último minuto, extender el cierre 2 minutos. Registrar extensión en tabla auction_extensions. Evitar extensiones inconsistentes mediante operación transaccional. Mostrar visualmente en frontend la extensión del tiempo."
"SGS-82","Task","HU-05.04 Liquidar Subasta y Distribuir Monto","Por hacer","High","SGS-72","EPIC-05 Motor de Subastas en Tiempo Real","SGS-72","EPIC-05 Motor de Subastas en Tiempo Real","Sprint 5","Alexander Rodriguez","Alexander Rodriguez","Gunnar Pecho","18/08/2026 11:19","18/08/2026 11:19","15/09/2026 00:00","18/08/2026 00:00","2","0","0|i000iv:","","Por hacer","18/ago/26 11:19 AM","*Como* sistema, *quiero* liquidar la subasta y distribuir el monto *para* cerrar la operación."
"SGS-83","Sub-task","Implementar liquidación 70/10/20","Por hacer","High","SGS-72","EPIC-05 Motor de Subastas en Tiempo Real","SGS-82","HU-05.04 Liquidar Subasta y Distribuir Monto","Sprint 5","Alexander Rodriguez","Alexander Rodriguez","Gunnar Pecho","18/08/2026 11:20","18/08/2026 11:20","15/09/2026 00:00","18/08/2026 00:00","1","0","0|i000j3:","","Por hacer","18/ago/26 11:20 AM","Al finalizar subasta (tiempo expirado o compra directa), calcular monto liquidado. Registrar distribución: 70% para la casa de empeños, 10% para el sistema (comisión), 20% para el cliente (excedente). Validar que porcentajes sumen 100%. Guardar en tabla settlements. Marcar contrato como LIQUIDADO."
"SGS-84","Epic","EPIC-06 Paneles de Control Personalizados","Por hacer","High","SGS-84","EPIC-06 Paneles de Control Personalizados",,,,"Alexander Rodriguez","Alexander Rodriguez","Alexander Rodriguez","18/08/2026 11:21","18/08/2026 11:21","15/09/2026 00:00","18/08/2026 00:00","0","0","0|i000jb:","dark_blue","Por hacer","18/ago/26 11:21 AM","Módulo encargado de los paneles de control personalizados para OWNER, EMPLOYEE y CLIENT con métricas, KPIs y gráficos interactivos."
"SGS-85","Task","HU-06.01 Diseñar Dashboard OWNER","Por hacer","High","SGS-84","EPIC-06 Paneles de Control Personalizados","SGS-84","EPIC-06 Paneles de Control Personalizados","Sprint 6","Alexander Rodriguez","Alexander Rodriguez","Alexander Rodriguez","18/08/2026 11:22","18/08/2026 11:22","15/09/2026 00:00","18/08/2026 00:00","2","0","0|i000jj:","","Por hacer","18/ago/26 11:22 AM","*Como* dueño, *quiero* ver el dashboard con indicadores globales del negocio *para* tomar decisiones informadas."
"SGS-86","Sub-task","Diseñar dashboard OWNER con KPIs","Por hacer","High","SGS-84","EPIC-06 Paneles de Control Personalizados","SGS-85","HU-06.01 Diseñar Dashboard OWNER","Sprint 6","Alexander Rodriguez","Alexander Rodriguez","Alexander Rodriguez","18/08/2026 11:23","18/08/2026 11:23","15/09/2026 00:00","18/08/2026 00:00","1","0","0|i000jr:","","Por hacer","18/ago/26 11:23 AM","Crear tarjetas KPI: Capital Invertido, Intereses Generados, Empeños Activos, Subastas Activas, Tasa de Morosidad. Encabezado azul marino #0B192C, números destacados en dorado #D4AF37. Añadir accesos rápidos: Nuevo Empeño, Reportes, Configuración. Diseño responsive para PC/tablet/móvil."
"SGS-87","Sub-task","Implementar consultas KPI en backend","Por hacer","High","SGS-84","EPIC-06 Paneles de Control Personalizados","SGS-85","HU-06.01 Diseñar Dashboard OWNER","Sprint 6","Alexander Rodriguez","Alexander Rodriguez","Gunnar Pecho","18/08/2026 11:24","18/08/2026 11:24","15/09/2026 00:00","18/08/2026 00:00","1","0","0|i000jz:","","Por hacer","18/ago/26 11:24 AM","Crear consultas SQL agregadas sobre contracts, payments, auctions y settlements. Validar permisos OWNER. Filtrar por fechas cuando corresponda. Devolver valores DECIMAL y conteos sin duplicar relaciones. Ejemplo: SUM(amount) FROM contracts WHERE status='ACTIVE'."
"SGS-88","Task","HU-06.02 Diseñar Dashboard EMPLOYEE","Por hacer","High","SGS-84","EPIC-06 Paneles de Control Personalizados","SGS-84","EPIC-06 Paneles de Control Personalizados","Sprint 6","Alexander Rodriguez","Alexander Rodriguez","Alexander Rodriguez","18/08/2026 11:25","18/08/2026 11:25","15/09/2026 00:00","18/08/2026 00:00","2","0","0|i000k7:","","Por hacer","18/ago/26 11:25 AM","*Como* empleado, *quiero* ver mi dashboard con mis tareas pendientes *para* organizar mi trabajo diario."
"SGS-89","Sub-task","Diseñar dashboard EMPLOYEE y endpoints","Por hacer","High","SGS-84","EPIC-06 Paneles de Control Personalizados","SGS-88","HU-06.02 Diseñar Dashboard EMPLOYEE","Sprint 6","Alexander Rodriguez","Alexander Rodriguez","Alexander Rodriguez","18/08/2026 11:26","18/08/2026 11:26","15/09/2026 00:00","18/08/2026 00:00","1","0","0|i000kf:","","Por hacer","18/ago/26 11:26 AM","Mostrar tareas pendientes, empeños recientes, alertas de vencimiento (amarillo #FFC107), accesos a valuación/inventario/subastas. Tarjetas compactas y acciones principales doradas #D4AF37. Endpoints PHP que devuelvan solo operaciones permitidas para EMPLOYEE filtradas por contexto del negocio."
"SGS-90","Task","HU-06.03 Diseñar Dashboard CLIENT","Por hacer","High","SGS-84","EPIC-06 Paneles de Control Personalizados","SGS-84","EPIC-06 Paneles de Control Personalizados","Sprint 6","Alexander Rodriguez","Alexander Rodriguez","Alexander Rodriguez","18/08/2026 11:27","18/08/2026 11:27","15/09/2026 00:00","18/08/2026 00:00","2","0","0|i000kn:","","Por hacer","18/ago/26 11:27 AM","*Como* cliente, *quiero* ver mis empeños y participación en subastas *para* dar seguimiento a mis operaciones."
"SGS-91","Sub-task","Diseñar dashboard CLIENT y control de acceso","Por hacer","High","SGS-84","EPIC-06 Paneles de Control Personalizados","SGS-90","HU-06.03 Diseñar Dashboard CLIENT","Sprint 6","Alexander Rodriguez","Alexander Rodriguez","Alexander Rodriguez","18/08/2026 11:28","18/08/2026 11:28","15/09/2026 00:00","18/08/2026 00:00","1","0","0|i000kv:","","Por hacer","18/ago/26 11:28 AM","Mostrar sus empeños activos (con badges de estado), próximos pagos, estado de prendas en custodia, participación en subastas activas. Ocultar información financiera de otros clientes mediante control de ownership. Aplicar filtros por user_id/customer_id en servidor para impedir IDOR. Devolver 403 cuando un cliente intente consultar recursos de otro usuario."
"SGS-92","Sub-task","Integrar gráficos con Chart.js","Por hacer","High","SGS-84","EPIC-06 Paneles de Control Personalizados","SGS-90","HU-06.03 Diseñar Dashboard CLIENT","Sprint 6","Alexander Rodriguez","Alexander Rodriguez","Alexander Rodriguez","18/08/2026 11:29","18/08/2026 11:29","15/09/2026 00:00","18/08/2026 00:00","0","0","0|i000l3:","","Por hacer","18/ago/26 11:29 AM","Crear gráficos de evolución de intereses (Chart.js), distribución de estados de empeños (torta), evolución de subastas (línea). Cargar datos desde endpoints PHP. Manejar estado vacío/error sin bloquear el dashboard. Usar paleta de colores corporativos."
"SGS-93","Epic","EPIC-07 Notificaciones Automáticas y Alertas","Por hacer","High","SGS-93","EPIC-07 Notificaciones Automáticas y Alertas",,,,"Alexander Rodriguez","Alexander Rodriguez","Gunnar Pecho","18/08/2026 11:30","18/08/2026 11:30","15/09/2026 00:00","18/08/2026 00:00","0","0","0|i000lb:","orange","Por hacer","18/ago/26 11:30 AM","Módulo encargado de las notificaciones internas para pagos próximos a vencer, vencimientos y eventos de subasta. Persistencia en MySQL y visualización en centro de notificaciones."
"SGS-94","Task","HU-07.01 Implementar Centro de Notificaciones","Por hacer","High","SGS-93","EPIC-07 Notificaciones Automáticas y Alertas","SGS-93","EPIC-07 Notificaciones Automáticas y Alertas","Sprint 7","Alexander Rodriguez","Alexander Rodriguez","Gunnar Pecho","18/08/2026 11:31","18/08/2026 11:31","15/09/2026 00:00","18/08/2026 00:00","2","0","0|i000lj:","","Por hacer","18/ago/26 11:31 AM","*Como* usuario, *quiero* recibir notificaciones automáticas *para* estar informado sobre eventos importantes del sistema."
"SGS-95","Sub-task","Crear tabla notifications","Por hacer","High","SGS-93","EPIC-07 Notificaciones Automáticas y Alertas","SGS-94","HU-07.01 Implementar Centro de Notificaciones","Sprint 7","Alexander Rodriguez","Alexander Rodriguez","Gunnar Pecho","18/08/2026 11:32","18/08/2026 11:32","15/09/2026 00:00","18/08/2026 00:00","1","0","0|i000lr:","","Por hacer","18/ago/26 11:32 AM","Crear tabla notifications (id, user_id, type, title, message, reference, read_at, created_at). Añadir índices por usuario/estado/fecha. Tipos: 'vencimiento', 'subasta_puja', 'subasta_ganada', 'subasta_perdida', 'compra_directa', 'sistema'."
"SGS-96","Sub-task","Implementar generación de notificaciones","Por hacer","High","SGS-93","EPIC-07 Notificaciones Automáticas y Alertas","SGS-94","HU-07.01 Implementar Centro de Notificaciones","Sprint 7","Alexander Rodriguez","Alexander Rodriguez","Gunnar Pecho","18/08/2026 11:33","18/08/2026 11:33","15/09/2026 00:00","18/08/2026 00:00","1","0","0|i000lz:","","Por hacer","18/ago/26 11:33 AM","Detectar contratos próximos a vencer (5 y 3 días) y crear notificaciones evitando duplicados. Notificar eventos de subasta: puja superada (al cliente que pujó y al que fue superado), compra directa (al ganador), finalización y resultado. Validar destinatario y referencia antes de insertar."
"SGS-97","Sub-task","Diseñar centro de notificaciones","Por hacer","High","SGS-93","EPIC-07 Notificaciones Automáticas y Alertas","SGS-94","HU-07.01 Implementar Centro de Notificaciones","Sprint 7","Alexander Rodriguez","Alexander Rodriguez","Alexander Rodriguez","18/08/2026 11:34","18/08/2026 11:34","15/09/2026 00:00","18/08/2026 00:00","0","0","0|i000m7:","","Por hacer","18/ago/26 11:34 AM","Crear campana en navbar con contador de no leídas y panel desplegable. Notificaciones nuevas destacadas con fondo suave. Advertencias en #FFC107, errores en #DC3545, éxito en #198754. Implementar marcado como leído (una o todas). Actualizar contador mediante fetch/AJAX polling cada 30 segundos."
"SGS-98","Epic","EPIC-08 Reportes Financieros y Configuración","Por hacer","High","SGS-98","EPIC-08 Reportes Financieros y Configuración",,,,"Alexander Rodriguez","Alexander Rodriguez","Gunnar Pecho","18/08/2026 11:35","18/08/2026 11:35","15/09/2026 00:00","18/08/2026 00:00","0","0","0|i000mf:","dark_yellow","Por hacer","18/ago/26 11:35 AM","Módulo encargado de los reportes financieros avanzados con filtros, exportación CSV, gráficos y configuración del sistema. Solo OWNER puede modificar configuración y acceder a información financiera global."
"SGS-99","Task","HU-08.01 Implementar Reportes Financieros","Por hacer","High","SGS-98","EPIC-08 Reportes Financieros y Configuración","SGS-98","EPIC-08 Reportes Financieros y Configuración","Sprint 8","Alexander Rodriguez","Alexander Rodriguez","Gunnar Pecho","18/08/2026 11:36","18/08/2026 11:36","15/09/2026 00:00","18/08/2026 00:00","3","0","0|i000mn:","","Por hacer","18/ago/26 11:36 AM","*Como* dueño, *quiero* consultar reportes financieros avanzados *para* analizar el desempeño del negocio."
"SGS-100","Sub-task","Diseñar pantalla de reportes","Por hacer","High","SGS-98","EPIC-08 Reportes Financieros y Configuración","SGS-99","HU-08.01 Implementar Reportes Financieros","Sprint 8","Alexander Rodriguez","Alexander Rodriguez","Alexander Rodriguez","18/08/2026 11:37","18/08/2026 11:37","15/09/2026 00:00","18/08/2026 00:00","1","0","0|i000mv:","","Por hacer","18/ago/26 11:37 AM","Crear encabezado con título 'Reportes Financieros', filtros superiores (categoría, estado, rango de fechas, producto), tabla de resultados y zona de gráficos. Filtros en controles Bootstrap. Botón 'Aplicar' dorado #D4AF37 y 'Exportar CSV' azul marino #0B192C."
"SGS-101","Sub-task","Implementar filtros avanzados","Por hacer","High","SGS-98","EPIC-08 Reportes Financieros y Configuración","SGS-99","HU-08.01 Implementar Reportes Financieros","Sprint 8","Alexander Rodriguez","Alexander Rodriguez","Gunnar Pecho","18/08/2026 11:38","18/08/2026 11:38","15/09/2026 00:00","18/08/2026 00:00","1","0","0|i000n3:","","Por hacer","18/ago/26 11:38 AM","Filtrar por categoría de prenda, estado de contrato, rango de fechas y producto. Usar consultas parametrizadas sobre items/contracts/payments/auctions. Validar fechas, rangos y valores permitidos. Devolver errores de filtro sin ejecutar consultas inválidas."
"SGS-102","Sub-task","Implementar métricas financieras","Por hacer","High","SGS-98","EPIC-08 Reportes Financieros y Configuración","SGS-99","HU-08.01 Implementar Reportes Financieros","Sprint 8","Alexander Rodriguez","Alexander Rodriguez","Gunnar Pecho","18/08/2026 11:39","18/08/2026 11:39","15/09/2026 00:00","18/08/2026 00:00","1","0","0|i000nb:","","Por hacer","18/ago/26 11:39 AM","Calcular: capital prestado (total de contratos activos), intereses generados (acumulado de payments), pagos realizados, montos de subastas (ventas), distribución de liquidaciones (70/10/20). Evitar doble conteo mediante agregaciones separadas. Respetar permisos OWNER. Devolver JSON estructurado para el frontend."
"SGS-103","Task","HU-08.02 Exportar Reportes y Gráficos","Por hacer","High","SGS-98","EPIC-08 Reportes Financieros y Configuración","SGS-98","EPIC-08 Reportes Financieros y Configuración","Sprint 8","Alexander Rodriguez","Alexander Rodriguez","Gunnar Pecho","18/08/2026 11:40","18/08/2026 11:40","15/09/2026 00:00","18/08/2026 00:00","2","0","0|i000nj:","","Por hacer","18/ago/26 11:40 AM","*Como* dueño, *quiero* exportar reportes y visualizar gráficos *para* analizar los datos de forma interactiva."
"SGS-104","Sub-task","Implementar exportación CSV","Por hacer","High","SGS-98","EPIC-08 Reportes Financieros y Configuración","SGS-103","HU-08.02 Exportar Reportes y Gráficos","Sprint 8","Alexander Rodriguez","Alexander Rodriguez","Gunnar Pecho","18/08/2026 11:41","18/08/2026 11:41","15/09/2026 00:00","18/08/2026 00:00","1","0","0|i000nr:","","Por hacer","18/ago/26 11:41 AM","Crear endpoint PHP que genere CSV con encabezados, escape correcto de comas/comillas y UTF-8. Aplicar los mismos filtros del reporte. Validar autorización antes de generar la descarga. Forzar descarga con header('Content-Type: text/csv')."
"SGS-105","Sub-task","Diseñar gráficos financieros","Por hacer","High","SGS-98","EPIC-08 Reportes Financieros y Configuración","SGS-103","HU-08.02 Exportar Reportes y Gráficos","Sprint 8","Alexander Rodriguez","Alexander Rodriguez","Alexander Rodriguez","18/08/2026 11:42","18/08/2026 11:42","15/09/2026 00:00","18/08/2026 00:00","0","0","0|i000nz:","","Por hacer","18/ago/26 11:42 AM","Crear gráficos con Chart.js: evolución de intereses (línea), distribución por estado (torta), distribución por categorías (barras), evolución de subastas (línea). Ubicar debajo de filtros y encima de la tabla. Mostrar estado vacío si no existen datos."
"SGS-106","Task","HU-08.03 Configurar Sistema y Parámetros","Por hacer","High","SGS-98","EPIC-08 Reportes Financieros y Configuración","SGS-98","EPIC-08 Reportes Financieros y Configuración","Sprint 8","Alexander Rodriguez","Alexander Rodriguez","Gunnar Pecho","18/08/2026 11:43","18/08/2026 11:43","15/09/2026 00:00","18/08/2026 00:00","2","0","0|i000o7:","","Por hacer","18/ago/26 11:43 AM","*Como* dueño, *quiero* configurar los parámetros del sistema *para* ajustar el negocio según mis necesidades."
"SGS-107","Sub-task","Crear tabla system_settings","Por hacer","High","SGS-98","EPIC-08 Reportes Financieros y Configuración","SGS-106","HU-08.03 Configurar Sistema y Parámetros","Sprint 8","Alexander Rodriguez","Alexander Rodriguez","Gunnar Pecho","18/08/2026 11:44","18/08/2026 11:44","15/09/2026 00:00","18/08/2026 00:00","1","0","0|i000of:","","Por hacer","18/ago/26 11:44 AM","Crear tabla system_settings (id, setting_key, setting_value, description, updated_by, updated_at). Validar claves permitidas (interest_rate, direct_buy_margin, auction_grace_days, default_term, etc.). Validar rangos numéricos y rol OWNER. Registrar fecha/usuario de modificación."
"SGS-108","Sub-task","Diseñar formulario de configuración","Por hacer","High","SGS-98","EPIC-08 Reportes Financieros y Configuración","SGS-106","HU-08.03 Configurar Sistema y Parámetros","Sprint 8","Alexander Rodriguez","Alexander Rodriguez","Alexander Rodriguez","18/08/2026 11:45","18/08/2026 11:45","15/09/2026 00:00","18/08/2026 00:00","0","0","0|i000on:","","Por hacer","18/ago/26 11:45 AM","Crear panel OWNER con campos: Tasa de Interés (%), Margen de Compra Directa (%), Días de Gracia para Subasta, Plazo Predeterminado (meses). Botón 'Guardar' dorado #D4AF37, modal de confirmación y alerta verde tras actualización exitosa."
"SGS-109","Task","HU-08.04 Pruebas Integrales y Documentación","Por hacer","High","SGS-98","EPIC-08 Reportes Financieros y Configuración","SGS-98","EPIC-08 Reportes Financieros y Configuración","Sprint 8","Alexander Rodriguez","Alexander Rodriguez","Gunnar Pecho","18/08/2026 11:46","18/08/2026 11:46","15/09/2026 00:00","18/08/2026 00:00","3","0","0|i000ov:","","Por hacer","18/ago/26 11:46 AM","*Como* equipo de desarrollo, *quiero* realizar pruebas integrales y documentar el sistema *para* garantizar la calidad del producto final."
"SGS-110","Sub-task","Ejecutar pruebas de seguridad y carga","Por hacer","High","SGS-98","EPIC-08 Reportes Financieros y Configuración","SGS-109","HU-08.04 Pruebas Integrales y Documentación","Sprint 8","Alexander Rodriguez","Alexander Rodriguez","Gunnar Pecho","18/08/2026 11:47","18/08/2026 11:47","15/09/2026 00:00","18/08/2026 00:00","1","0","0|i000p3:","","Por hacer","18/ago/26 11:47 AM","Ejecutar pruebas de autenticación, permisos, empeños, pagos, valuación, inventario, subastas concurrentes, notificaciones, reportes y exportación. Verificar CSRF, SQLi, XSS, IDOR, uploads y control de sesiones. Probar responsive, instalación PWA, caché de assets y comportamiento offline básico."
"SGS-111","Sub-task","Documentar despliegue en InfinityFree","Por hacer","High","SGS-98","EPIC-08 Reportes Financieros y Configuración","SGS-109","HU-08.04 Pruebas Integrales y Documentación","Sprint 8","Alexander Rodriguez","Alexander Rodriguez","Gunnar Pecho","18/08/2026 11:48","18/08/2026 11:48","15/09/2026 00:00","18/08/2026 00:00","1","0","0|i000pb:","","Por hacer","18/ago/26 11:48 AM","Documentar subida de archivos (FTP), configuración de base MySQL (phpMyAdmin), credenciales fuera del repositorio, permisos de uploads (755), URL base, HTTPS y comprobaciones posteriores al despliegue. No depender de Composer/CLI en producción."
"SGS-112","Sub-task","Crear manual de usuario","Por hacer","High","SGS-98","EPIC-08 Reportes Financieros y Configuración","SGS-109","HU-08.04 Pruebas Integrales y Documentación","Sprint 8","Alexander Rodriguez","Alexander Rodriguez","Alexander Rodriguez","18/08/2026 11:49","18/08/2026 11:49","15/09/2026 00:00","18/08/2026 00:00","1","0","0|i000pj:","","Por hacer","18/ago/26 11:49 AM","Documentar flujos de OWNER, EMPLOYEE y CLIENT: login, registro de empeño, valuación, inventario, subastas, notificaciones, reportes. Incluir capturas de pantalla. Registrar criterios de aceptación y evidencias de pruebas en formato PDF."
